Kalenderår;Kod;Benämning;Omfattning;Enhet;Nivå inom studieordning;Kvinnor;Män;Total
"2018";"BE3002";"Numeriska metoder för fysiker I";"7,5";"HP";"Grundnivå";"0";"0,05";"0,05"
"2019";"BE3002";"Numeriska metoder för fysiker I";"7,5";"HP";"Grundnivå";"0";"0,125";"0,125"
"2021";"BE3002";"Numeriska metoder för fysiker I";"7,5";"HP";"Grundnivå";"0";"0,05";"0,05"
"2017";"BE3003";"Numeriska metoder";"7,5";"HP";"Grundnivå";"0,275";"0,125";"0,4"
"2018";"BE3003";"Numeriska metoder";"7,5";"HP";"Grundnivå";"0,075";"0,325";"0,4"
"2019";"BE3003";"Numeriska metoder";"7,5";"HP";"Grundnivå";"0";"0,375";"0,375"
"2017";"BE3009";"Tillämpade numeriska metoder";"7,5";"HP";"Grundnivå";"0";"0,2";"0,2"
"2018";"BE3009";"Tillämpade numeriska metoder";"7,5";"HP";"Grundnivå";"0";"0,125";"0,125"
"2019";"BE3009";"Tillämpade numeriska metoder";"7,5";"HP";"Grundnivå";"0";"0,125";"0,125"
"2020";"BE3009";"Tillämpade numeriska metoder";"7,5";"HP";"Grundnivå";"0,2";"0,075";"0,275"
"2021";"BE3009";"Tillämpade numeriska metoder";"7,5";"HP";"Grundnivå";"0,125";"0,075";"0,2"
"2017";"BE7001";"Numeriska metoder för fysiker II";"7,5";"HP";"Avancerad nivå";"0";"0,9";"0,9"
"2018";"BE7001";"Numeriska metoder för fysiker II";"7,5";"HP";"Avancerad nivå";"0,125";"0,7";"0,825"
"2019";"BE7001";"Numeriska metoder för fysiker II";"7,5";"HP";"Avancerad nivå";"0,125";"0,8";"0,925"
"2020";"BE7001";"Numeriska metoder för fysiker II";"7,5";"HP";"Avancerad nivå";"0,15";"0,9";"1,05"
"2021";"BE7001";"Numeriska metoder för fysiker II";"7,5";"HP";"Avancerad nivå";"0,3";"0,7";"1,0"
"2020";"BE7006";"Beräkningsmetoder för stokastiska differentialekvationer";"7,5";"HP";"Avancerad nivå";"0";"0,25";"0,25"
"2019";"BE7008";"Numerisk behandling av differentialekvationer";"7,5";"HP";"Avancerad nivå";"0";"0,375";"0,375"
"2018";"BE7009";"Avancerade numeriska metoder";"7,5";"HP";"Avancerad nivå";"0";"0,25";"0,25"
"2019";"BE7009";"Avancerade numeriska metoder";"7,5";"HP";"Avancerad nivå";"0";"0,375";"0,375"
"2020";"BE7009";"Avancerade numeriska metoder";"7,5";"HP";"Avancerad nivå";"0";"0,43333";"0,43333"
"2021";"BE7009";"Avancerade numeriska metoder";"7,5";"HP";"Avancerad nivå";"0";"0,25";"0,25"
"2017";"BE7012";"Parallella datorberäkningar för storskaliga problem";"7,5";"HP";"Avancerad nivå";"0";"0,25";"0,25"
"2018";"BE7012";"Parallella datorberäkningar för storskaliga problem";"7,5";"HP";"Avancerad nivå";"0";"0,375";"0,375"
"2020";"BE7012";"Parallella datorberäkningar för storskaliga problem";"7,5";"HP";"Avancerad nivå";"0,125";"0";"0,125"
"2021";"BE7012";"Parallella datorberäkningar för storskaliga problem";"7,5";"HP";"Avancerad nivå";"0,125";"0";"0,125"
"2017";"BE7013";"Finita elementmetoden";"7,5";"HP";"Avancerad nivå";"0";"0,25";"0,25"
"2018";"BE7013";"Finita elementmetoden";"7,5";"HP";"Avancerad nivå";"0";"0,375";"0,375"
"2019";"BE7013";"Finita elementmetoden";"7,5";"HP";"Avancerad nivå";"0";"0,625";"0,625"
"2020";"BE7013";"Finita elementmetoden";"7,5";"HP";"Avancerad nivå";"0,125";"0,5";"0,625"
"2021";"BE7013";"Finita elementmetoden";"7,5";"HP";"Avancerad nivå";"0";"0,25";"0,25"
"2017";"DA2001";"Datalogi I";"15,0";"HP";"Grundnivå";"2,0";"5,125";"7,125"
"2018";"DA2001";"Datalogi I";"15,0";"HP";"Grundnivå";"1,25";"7,25";"8,5"
"2019";"DA2001";"Datalogi I";"15,0";"HP";"Grundnivå";"0,625";"2,625";"3,25"
"2017";"DA2002";"Introduktion till programmering och datalogiskt tänkande";"3,0";"HP";"Grundnivå";"0,12333";"0,08667";"0,21"
"2018";"DA2002";"Introduktion till programmering och datalogiskt tänkande";"3,0";"HP";"Grundnivå";"0,01167";"0";"0,01167"
"2017";"DA2003";"Programmeringsteknik";"6,0";"HP";"Grundnivå";"5,025";"12,925";"17,95"
"2018";"DA2003";"Programmeringsteknik";"6,0";"HP";"Grundnivå";"0,575";"1,675";"2,25"
"2019";"DA2003";"Programmeringsteknik";"6,0";"HP";"Grundnivå";"0,1";"0,275";"0,375"
"2017";"DA2004";"Programmeringsteknik för matematiker";"7,5";"HP";"Grundnivå";"1,4";"3,675";"5,075"
"2018";"DA2004";"Programmeringsteknik för matematiker";"7,5";"HP";"Grundnivå";"2,4";"6,325";"8,725"
"2019";"DA2004";"Programmeringsteknik för matematiker";"7,5";"HP";"Grundnivå";"2,05";"5,35";"7,4"
"2020";"DA2004";"Programmeringsteknik för matematiker";"7,5";"HP";"Grundnivå";"1,625";"8,2";"9,825"
"2021";"DA2004";"Programmeringsteknik för matematiker";"7,5";"HP";"Grundnivå";"4,05";"8,725";"12,775"
"2021";"DA2005";"Programmeringsteknik";"7,5";"HP";"Grundnivå";"2,7";"6,225";"8,925"
"2021";"DA200U";"Programmeringsteknik för matematiker - uppdragsutbildning inom ULV";"7,5";"HP";"Grundnivå";"0,025";"0";"0,025"
"2021";"DA201U";"Programmeringsteknik för matematiker - uppdragsutbildning inom VAL";"7,5";"HP";"Grundnivå";"0,125";"0";"0,125"
"2017";"DA3001";"Datalogi II";"15,0";"HP";"Grundnivå";"0,45";"3,475";"3,925"
"2018";"DA3001";"Datalogi II";"15,0";"HP";"Grundnivå";"0,85";"3,95";"4,8"
"2019";"DA3001";"Datalogi II";"15,0";"HP";"Grundnivå";"0";"0,275";"0,275"
"2021";"DA3001";"Datalogi II";"15,0";"HP";"Grundnivå";"0";"0,05";"0,05"
"2017";"DA3002";"Objektorienterad programmering";"7,5";"HP";"Grundnivå";"0,2";"0,575";"0,775"
"2018";"DA3002";"Objektorienterad programmering";"7,5";"HP";"Grundnivå";"0,425";"1,0";"1,425"
"2017";"DA3004";"Algoritmer och komplexitet";"7,5";"HP";"Grundnivå";"0,125";"0,525";"0,65"
"2018";"DA3004";"Algoritmer och komplexitet";"7,5";"HP";"Grundnivå";"0,125";"0,675";"0,8"
"2019";"DA3004";"Algoritmer och komplexitet";"7,5";"HP";"Grundnivå";"0,15";"0,9";"1,05"
"2020";"DA3004";"Algoritmer och komplexitet";"7,5";"HP";"Grundnivå";"0,1";"0,775";"0,875"
"2021";"DA3004";"Algoritmer och komplexitet";"7,5";"HP";"Grundnivå";"0,625";"2,7";"3,325"
"2017";"DA3007";"Programsystemkonstruktion med C++";"6,0";"HP";"Grundnivå";"0";"0,2";"0,2"
"2017";"DA3012";"Programmeringsparadigm";"7,5";"HP";"Grundnivå";"0,2";"0,6";"0,8"
"2018";"DA3012";"Programmeringsparadigm";"7,5";"HP";"Grundnivå";"0,05";"0,625";"0,675"
"2019";"DA3012";"Programmeringsparadigm";"7,5";"HP";"Grundnivå";"0,175";"0,875";"1,05"
"2020";"DA3012";"Programmeringsparadigm";"7,5";"HP";"Grundnivå";"0,45";"2,675";"3,125"
"2021";"DA3012";"Programmeringsparadigm";"7,5";"HP";"Grundnivå";"0";"0,325";"0,325"
"2017";"DA3013";"Kommunikation för dataloger";"7,5";"HP";"Grundnivå";"0";"1,15";"1,15"
"2018";"DA3013";"Kommunikation för dataloger";"7,5";"HP";"Grundnivå";"0,375";"1,6";"1,975"
"2019";"DA3013";"Kommunikation för dataloger";"7,5";"HP";"Grundnivå";"0,125";"1,75";"1,875"
"2017";"DA3014";"Databasteknik";"6,0";"HP";"Grundnivå";"0,2";"0,65";"0,85"
"2018";"DA3014";"Databasteknik";"6,0";"HP";"Grundnivå";"0";"0,8";"0,8"
"2019";"DA3014";"Databasteknik";"6,0";"HP";"Grundnivå";"0,35";"0,95";"1,3"
"2020";"DA3014";"Databasteknik";"6,0";"HP";"Grundnivå";"0,3";"0,95";"1,25"
"2017";"DA3015";"Mjukvarukonstruktion med projektarbete";"9,0";"HP";"Grundnivå";"0,15";"1,2";"1,35"
"2018";"DA3015";"Mjukvarukonstruktion med projektarbete";"9,0";"HP";"Grundnivå";"0";"1,05";"1,05"
"2019";"DA3015";"Mjukvarukonstruktion med projektarbete";"9,0";"HP";"Grundnivå";"0,6";"1,5";"2,1"
"2020";"DA3015";"Mjukvarukonstruktion med projektarbete";"9,0";"HP";"Grundnivå";"0,15";"1,5";"1,65"
"2017";"DA3017";"Språkteknologi för lingvister";"7,5";"HP";"Grundnivå";"0";"0,19167";"0,19167"
"2018";"DA3017";"Språkteknologi för lingvister";"7,5";"HP";"Grundnivå";"0,03333";"0,06667";"0,1"
"2019";"DA3017";"Språkteknologi för lingvister";"7,5";"HP";"Grundnivå";"0,09167";"0";"0,09167"
"2017";"DA3018";"Datalogi för matematiker";"7,5";"HP";"Grundnivå";"0";"0,8";"0,8"
"2018";"DA3018";"Datalogi för matematiker";"7,5";"HP";"Grundnivå";"0,25";"1,425";"1,675"
"2019";"DA3018";"Datalogi för matematiker";"7,5";"HP";"Grundnivå";"0,7";"3,725";"4,425"
"2020";"DA3018";"Datalogi för matematiker";"7,5";"HP";"Grundnivå";"1,175";"3,175";"4,35"
"2021";"DA3018";"Datalogi för matematiker";"7,5";"HP";"Grundnivå";"1,35";"4,8";"6,15"
"2018";"DA3019";"Programsystemkonstruktion med C++";"7,5";"HP";"Grundnivå";"0";"0,35";"0,35"
"2020";"DA3019";"Programsystemkonstruktion med C++";"7,5";"HP";"Grundnivå";"0,025";"0,15";"0,175"
"2021";"DA3019";"Programsystemkonstruktion med C++";"7,5";"HP";"Grundnivå";"0,025";"0,425";"0,45"
"2019";"DA3020";"Maskinnära programmering och datorarkitektur";"6,0";"HP";"Grundnivå";"0";"0,1";"0,1"
"2020";"DA3020";"Maskinnära programmering och datorarkitektur";"6,0";"HP";"Grundnivå";"0";"0,1";"0,1"
"2020";"DA4001";"Databasteknik";"7,5";"HP";"Grundnivå";"0,2";"0,45";"0,65"
"2021";"DA4001";"Databasteknik";"7,5";"HP";"Grundnivå";"0,65";"2,125";"2,775"
"2020";"DA4002";"Mjukvaruutveckling";"7,5";"HP";"Grundnivå";"0,375";"1,05";"1,425"
"2021";"DA4002";"Mjukvaruutveckling";"7,5";"HP";"Grundnivå";"0";"0,75";"0,75"
"2021";"DA4003";"Programmeringsparadigm";"7,5";"HP";"Grundnivå";"0,375";"1,375";"1,75"
"2021";"DA4004";"Introduktion till maskininlärning";"7,5";"HP";"Grundnivå";"1,625";"4,25833";"5,88333"
"2021";"DA4005";"Algoritmer och komplexitet";"7,5";"HP";"Grundnivå";"0";"0,775";"0,775"
"2017";"DA6006";"Datalogi, självständigt arbete";"15,0";"HP";"Grundnivå";"0,05";"0,5";"0,55"
"2018";"DA6006";"Datalogi, självständigt arbete";"15,0";"HP";"Grundnivå";"0,45";"0,525";"0,975"
"2019";"DA6006";"Datalogi, självständigt arbete";"15,0";"HP";"Grundnivå";"0,025";"0,275";"0,3"
"2020";"DA6006";"Datalogi, självständigt arbete";"15,0";"HP";"Grundnivå";"0,275";"0,85";"1,125"
"2021";"DA6006";"Datalogi, självständigt arbete";"15,0";"HP";"Grundnivå";"0,7";"2,475";"3,175"
"2021";"DA6007";"Datalogi, självständigt arbete";"15,0";"HP";"Grundnivå";"0,25";"0";"0,25"
"2017";"DA7009";"Datorarkitektur och maskinnära programmering";"7,5";"HP";"Avancerad nivå";"0";"0,25";"0,25"
"2018";"DA7009";"Datorarkitektur och maskinnära programmering";"7,5";"HP";"Avancerad nivå";"0";"0,125";"0,125"
"2019";"DA7009";"Datorarkitektur och maskinnära programmering";"7,5";"HP";"Avancerad nivå";"0";"0,125";"0,125"
"2017";"DA7011";"Programmering och datalogi för fysiker";"7,5";"HP";"Avancerad nivå";"0,375";"2,7";"3,075"
"2018";"DA7011";"Programmering och datalogi för fysiker";"7,5";"HP";"Avancerad nivå";"0,375";"2,275";"2,65"
"2019";"DA7011";"Programmering och datalogi för fysiker";"7,5";"HP";"Avancerad nivå";"1,0";"2,825";"3,825"
"2020";"DA7011";"Programmering och datalogi för fysiker";"7,5";"HP";"Avancerad nivå";"0,575";"1,625";"2,2"
"2021";"DA7011";"Programmering och datalogi för fysiker";"7,5";"HP";"Avancerad nivå";"0,55";"1,4";"1,95"
"2017";"DA7021";"Tillämpad bioinformatik";"7,5";"HP";"Avancerad nivå";"0,05";"0,05";"0,1"
"2019";"DA7021";"Tillämpad bioinformatik";"7,5";"HP";"Avancerad nivå";"0,25";"0";"0,25"
"2017";"DA7041";"Människa-datorinteraktion I";"7,5";"HP";"Avancerad nivå";"0";"0,25";"0,25"
"2019";"DA7044";"Datorseende och robotik";"30,0";"HP";"Avancerad nivå";"0";"0,1";"0,1"
"2017";"DA7047";"Teoretisk datalogi";"30,0";"HP";"Avancerad nivå";"0,1";"0,1";"0,2"
"2018";"DA7047";"Teoretisk datalogi";"30,0";"HP";"Avancerad nivå";"0";"0,3";"0,3"
"2017";"DA7048";"Modellering av cellbiologiska processer";"7,5";"HP";"Avancerad nivå";"0";"0,15";"0,15"
"2018";"DA7048";"Modellering av cellbiologiska processer";"7,5";"HP";"Avancerad nivå";"0,2";"0,125";"0,325"
"2019";"DA7048";"Modellering av cellbiologiska processer";"7,5";"HP";"Avancerad nivå";"0,175";"0";"0,175"
"2020";"DA7048";"Modellering av cellbiologiska processer";"7,5";"HP";"Avancerad nivå";"0";"0,125";"0,125"
"2021";"DA7048";"Modellering av cellbiologiska processer";"7,5";"HP";"Avancerad nivå";"0,125";"0";"0,125"
"2017";"DA7049";"Interkulturell kommunikation";"7,5";"HP";"Avancerad nivå";"0,5";"0";"0,5"
"2018";"DA7049";"Interkulturell kommunikation";"7,5";"HP";"Avancerad nivå";"0,125";"0";"0,125"
"2017";"DA7051";"Neurovetenskap";"7,5";"HP";"Avancerad nivå";"0,125";"0,125";"0,25"
"2018";"DA7051";"Neurovetenskap";"7,5";"HP";"Avancerad nivå";"0";"0,125";"0,125"
"2019";"DA7051";"Neurovetenskap";"7,5";"HP";"Avancerad nivå";"0,125";"0,25";"0,375"
"2020";"DA7051";"Neurovetenskap";"7,5";"HP";"Avancerad nivå";"0";"0,125";"0,125"
"2017";"DA7052";"Haptik";"6,0";"HP";"Avancerad nivå";"0,075";"0";"0,075"
"2017";"DA7054";"Datalogi";"6,0";"HP";"Avancerad nivå";"0";"0,1";"0,1"
"2019";"DA7054";"Datalogi";"6,0";"HP";"Avancerad nivå";"0";"0,3";"0,3"
"2020";"DA7054";"Datalogi";"6,0";"HP";"Avancerad nivå";"0,1";"0,1";"0,2"
"2017";"DA7055";"Datalogi";"7,5";"HP";"Avancerad nivå";"0";"0,125";"0,125"
"2018";"DA7055";"Datalogi";"7,5";"HP";"Avancerad nivå";"0";"0,375";"0,375"
"2019";"DA7055";"Datalogi";"7,5";"HP";"Avancerad nivå";"0";"0,5";"0,5"
"2020";"DA7055";"Datalogi";"7,5";"HP";"Avancerad nivå";"0";"0,125";"0,125"
"2017";"DA7056";"Datalogi";"9,0";"HP";"Avancerad nivå";"0";"0,3";"0,3"
"2020";"DA7056";"Datalogi";"9,0";"HP";"Avancerad nivå";"0";"0,15";"0,15"
"2017";"DA7057";"Datalogi";"12,0";"HP";"Avancerad nivå";"0,1";"0,3";"0,4"
"2019";"DA7057";"Datalogi";"12,0";"HP";"Avancerad nivå";"0";"0,1";"0,1"
"2020";"DA7057";"Datalogi";"12,0";"HP";"Avancerad nivå";"0";"0,1";"0,1"
"2021";"DA7057";"Datalogi";"12,0";"HP";"Avancerad nivå";"0";"0,1";"0,1"
"2018";"DA7058";"Datalogi";"15,0";"HP";"Avancerad nivå";"0";"0,375";"0,375"
"2019";"DA7058";"Datalogi";"15,0";"HP";"Avancerad nivå";"0";"0,625";"0,625"
"2020";"DA7058";"Datalogi";"15,0";"HP";"Avancerad nivå";"0";"0,875";"0,875"
"2017";"DA7060";"Datalogi";"24,0";"HP";"Avancerad nivå";"0";"0,1";"0,1"
"2019";"DA7062";"Tillämpad programmering för livsvetenskaperna 2";"1,5";"HP";"Avancerad nivå";"0,375";"0,275";"0,65"
"2020";"DA7062";"Tillämpad programmering för livsvetenskaperna 2";"1,5";"HP";"Avancerad nivå";"0,425";"0,2";"0,625"
"2021";"DA7062";"Tillämpad programmering för livsvetenskaperna 2";"1,5";"HP";"Avancerad nivå";"0,275";"0,425";"0,7"
"2019";"DA7063";"Maskininlärning";"7,5";"HP";"Avancerad nivå";"0,69167";"0,68333";"1,375"
"2020";"DA7063";"Maskininlärning";"7,5";"HP";"Avancerad nivå";"0,43333";"0,375";"0,80833"
"2021";"DA7063";"Maskininlärning";"7,5";"HP";"Avancerad nivå";"0";"1,0";"1,0"
"2019";"DA7064";"Djupinlärning i Data Science";"7,5";"HP";"Avancerad nivå";"0,25";"0,1";"0,35"
"2020";"DA7064";"Djupinlärning i Data Science";"7,5";"HP";"Avancerad nivå";"0,125";"0,25";"0,375"
"2017";"DA8001";"Programkonstruktion i C++ för fysiker";"7,5";"HP";"Avancerad nivå";"0";"0,11667";"0,11667"
"2018";"DA8001";"Programkonstruktion i C++ för fysiker";"7,5";"HP";"Avancerad nivå";"0";"0,13333";"0,13333"
"2019";"DA8001";"Programkonstruktion i C++ för fysiker";"7,5";"HP";"Avancerad nivå";"0,125";"0,375";"0,5"
"2020";"DA8001";"Programkonstruktion i C++ för fysiker";"7,5";"HP";"Avancerad nivå";"0";"0,35833";"0,35833"
"2021";"DA8001";"Programkonstruktion i C++ för fysiker";"7,5";"HP";"Avancerad nivå";"0";"0,26667";"0,26667"
"2017";"MM1003";"Förberedande kurs i matematik";"7,5";"HP";"Grundnivå";"14,92";"29,795";"44,715"
"2018";"MM1003";"Förberedande kurs i matematik";"7,5";"HP";"Grundnivå";"12,38";"19,595";"31,975"
"2019";"MM1003";"Förberedande kurs i matematik";"7,5";"HP";"Grundnivå";"19,83";"38,665";"58,495"
"2020";"MM1003";"Förberedande kurs i matematik";"7,5";"HP";"Grundnivå";"43,125";"69,95";"113,075"
"2021";"MM1003";"Förberedande kurs i matematik";"7,5";"HP";"Grundnivå";"19,37";"33,05";"52,42"
"2017";"MM1005";"Matematik för ekonomisk och statistisk analys";"7,5";"HP";"Grundnivå";"3,125";"4,125";"7,25"
"2018";"MM1005";"Matematik för ekonomisk och statistisk analys";"7,5";"HP";"Grundnivå";"3,5";"3,5";"7,0"
"2019";"MM1005";"Matematik för ekonomisk och statistisk analys";"7,5";"HP";"Grundnivå";"3,125";"3,5";"6,625"
"2020";"MM1005";"Matematik för ekonomisk och statistisk analys";"7,5";"HP";"Grundnivå";"3,875";"4,5";"8,375"
"2021";"MM1005";"Matematik för ekonomisk och statistisk analys";"7,5";"HP";"Grundnivå";"2,0";"5,125";"7,125"
"2017";"MM1008";"Utmanande matematik";"7,5";"HP";"Grundnivå";"1,0";"3,1";"4,1"
"2018";"MM1008";"Utmanande matematik";"7,5";"HP";"Grundnivå";"0,875";"3,05";"3,925"
"2019";"MM1008";"Utmanande matematik";"7,5";"HP";"Grundnivå";"1,625";"5,4";"7,025"
"2020";"MM1008";"Utmanande matematik";"7,5";"HP";"Grundnivå";"2,15";"2,8";"4,95"
"2021";"MM1008";"Utmanande matematik";"7,5";"HP";"Grundnivå";"1,6";"4,425";"6,025"
"2017";"MM100U";"Förberedande kurs i matematik - kurs inom ULV-projektet";"7,5";"HP";"Grundnivå";"0";"0,06";"0,06"
"2018";"MM100U";"Förberedande kurs i matematik - kurs inom ULV-projektet";"7,5";"HP";"Grundnivå";"0,02";"0,125";"0,145"
"2019";"MM100U";"Förberedande kurs i matematik - kurs inom ULV-projektet";"7,5";"HP";"Grundnivå";"0,165";"0";"0,165"
"2017";"MM2001";"Matematik I";"30,0";"HP";"Grundnivå";"26,0";"55,55";"81,55"
"2018";"MM2001";"Matematik I";"30,0";"HP";"Grundnivå";"22,8";"43,225";"66,025"
"2019";"MM2001";"Matematik I";"30,0";"HP";"Grundnivå";"31,55";"61,5";"93,05"
"2020";"MM2001";"Matematik I";"30,0";"HP";"Grundnivå";"33,5";"63,15";"96,65"
"2021";"MM2001";"Matematik I";"30,0";"HP";"Grundnivå";"30,05";"54,325";"84,375"
"2017";"MM2002";"Matematik för naturvetenskaper I";"15,0";"HP";"Grundnivå";"7,55";"11,5";"19,05"
"2018";"MM2002";"Matematik för naturvetenskaper I";"15,0";"HP";"Grundnivå";"8,825";"10,375";"19,2"
"2019";"MM2002";"Matematik för naturvetenskaper I";"15,0";"HP";"Grundnivå";"5,725";"8,35";"14,075"
"2020";"MM2002";"Matematik för naturvetenskaper I";"15,0";"HP";"Grundnivå";"7,675";"9,7";"17,375"
"2021";"MM2002";"Matematik för naturvetenskaper I";"15,0";"HP";"Grundnivå";"9,45";"6,375";"15,825"
"2017";"MM2003";"Fördjupning till Matematik I";"7,5";"HP";"Grundnivå";"0,125";"0,625";"0,75"
"2018";"MM2003";"Fördjupning till Matematik I";"7,5";"HP";"Grundnivå";"0";"1,125";"1,125"
"2019";"MM2003";"Fördjupning till Matematik I";"7,5";"HP";"Grundnivå";"0";"0,80833";"0,80833"
"2020";"MM2003";"Fördjupning till Matematik I";"7,5";"HP";"Grundnivå";"0,125";"0,25";"0,375"
"2017";"MM3001";"Matematiska metoder för ekonomer";"7,5";"HP";"Grundnivå";"6,125";"6,5";"12,625"
"2018";"MM3001";"Matematiska metoder för ekonomer";"7,5";"HP";"Grundnivå";"3,75";"6,625";"10,375"
"2019";"MM3001";"Matematiska metoder för ekonomer";"7,5";"HP";"Grundnivå";"6,375";"6,875";"13,25"
"2020";"MM3001";"Matematiska metoder för ekonomer";"7,5";"HP";"Grundnivå";"2,875";"4,5";"7,375"
"2021";"MM3001";"Matematiska metoder för ekonomer";"7,5";"HP";"Grundnivå";"3,875";"5,75";"9,625"
"2017";"MM4000";"Utvalda teman i matematik för lärare";"7,5";"HP";"Grundnivå";"1,0";"0,625";"1,625"
"2018";"MM4000";"Utvalda teman i matematik för lärare";"7,5";"HP";"Grundnivå";"0,75";"1,75";"2,5"
"2019";"MM4000";"Utvalda teman i matematik för lärare";"7,5";"HP";"Grundnivå";"0,125";"0,125";"0,25"
"2017";"MM4001";"Matematik för naturvetenskaper II";"15,0";"HP";"Grundnivå";"3,5";"5,85";"9,35"
"2018";"MM4001";"Matematik för naturvetenskaper II";"15,0";"HP";"Grundnivå";"5,6";"7,5";"13,1"
"2019";"MM4001";"Matematik för naturvetenskaper II";"15,0";"HP";"Grundnivå";"3,5";"5,5";"9,0"
"2020";"MM4001";"Matematik för naturvetenskaper II";"15,0";"HP";"Grundnivå";"3,0";"6,2";"9,2"
"2021";"MM4001";"Matematik för naturvetenskaper II";"15,0";"HP";"Grundnivå";"3,1";"4,15";"7,25"
"2017";"MM4002";"Gymnasieskolans matematik med akademiska ögon";"7,5";"HP";"Grundnivå";"0,125";"0,675";"0,8"
"2018";"MM4002";"Gymnasieskolans matematik med akademiska ögon";"7,5";"HP";"Grundnivå";"0,325";"0,25";"0,575"
"2019";"MM4002";"Gymnasieskolans matematik med akademiska ögon";"7,5";"HP";"Grundnivå";"0,075";"0,05";"0,125"
"2019";"MM4004";"Geometri och programmering för lärare i matematik";"7,5";"HP";"Grundnivå";"1,85";"1,4";"3,25"
"2020";"MM4004";"Geometri och programmering för lärare i matematik";"7,5";"HP";"Grundnivå";"3,85";"3,225";"7,075"
"2021";"MM4004";"Geometri och programmering för lärare i matematik";"7,5";"HP";"Grundnivå";"0,05";"0,05";"0,1"
"2017";"MM403U";"Gymnasieskolans matematik med akademiska ögon - kurs inom ULV-projektet";"7,5";"HP";"Grundnivå";"0";"0,1";"0,1"
"2018";"MM403U";"Gymnasieskolans matematik med akademiska ögon - kurs inom ULV-projektet";"7,5";"HP";"Grundnivå";"0";"0,125";"0,125"
"2019";"MM403U";"Gymnasieskolans matematik med akademiska ögon - kurs inom ULV-projektet";"7,5";"HP";"Grundnivå";"0";"0,025";"0,025"
"2017";"MM404U";"Gymnasieskolans matematik med akademiska ögon - kurs inom VAL-projektet";"7,5";"HP";"Grundnivå";"0";"0,1";"0,1"
"2018";"MM404U";"Gymnasieskolans matematik med akademiska ögon - kurs inom VAL-projektet";"7,5";"HP";"Grundnivå";"0";"0,125";"0,125"
"2019";"MM404U";"Gymnasieskolans matematik med akademiska ögon - kurs inom VAL-projektet";"7,5";"HP";"Grundnivå";"0";"0,025";"0,025"
"2021";"MM404U";"Gymnasieskolans matematik med akademiska ögon - kurs inom VAL-projektet";"7,5";"HP";"Grundnivå";"0";"0,125";"0,125"
"2018";"MM406U";"Utvalda teman i matematik för lärare - kurs inom ULV-projektet";"7,5";"HP";"Grundnivå";"0,125";"0,125";"0,25"
"2019";"MM407U";"Geometri och programmering för lärare i matematik - kurs inom VAL-projektet";"7,5";"HP";"Grundnivå";"0";"0,1";"0,1"
"2020";"MM407U";"Geometri och programmering för lärare i matematik - kurs inom VAL-projektet";"7,5";"HP";"Grundnivå";"0";"0,05";"0,05"
"2017";"MM5005";"Den klassiska matematikens historiska utveckling";"7,5";"HP";"Grundnivå";"0,5";"1,625";"2,125"
"2018";"MM5005";"Den klassiska matematikens historiska utveckling";"7,5";"HP";"Grundnivå";"0,125";"0,5";"0,625"
"2019";"MM5005";"Den klassiska matematikens historiska utveckling";"7,5";"HP";"Grundnivå";"0,375";"0,875";"1,25"
"2020";"MM5005";"Den klassiska matematikens historiska utveckling";"7,5";"HP";"Grundnivå";"0,625";"1,25";"1,875"
"2021";"MM5005";"Den klassiska matematikens historiska utveckling";"7,5";"HP";"Grundnivå";"0";"0,125";"0,125"
"2017";"MM5010";"Matematik II - Analys, del A";"7,5";"HP";"Grundnivå";"5,75";"12,25";"18,0"
"2018";"MM5010";"Matematik II - Analys, del A";"7,5";"HP";"Grundnivå";"5,875";"10,75";"16,625"
"2019";"MM5010";"Matematik II - Analys, del A";"7,5";"HP";"Grundnivå";"3,0";"8,25";"11,25"
"2020";"MM5010";"Matematik II - Analys, del A";"7,5";"HP";"Grundnivå";"8,0";"13,5";"21,5"
"2021";"MM5010";"Matematik II - Analys, del A";"7,5";"HP";"Grundnivå";"4,25";"10,25";"14,5"
"2017";"MM5011";"Matematik II - Analys, del B";"7,5";"HP";"Grundnivå";"3,5";"8,0";"11,5"
"2018";"MM5011";"Matematik II - Analys, del B";"7,5";"HP";"Grundnivå";"2,5";"8,75";"11,25"
"2019";"MM5011";"Matematik II - Analys, del B";"7,5";"HP";"Grundnivå";"3,0";"5,875";"8,875"
"2020";"MM5011";"Matematik II - Analys, del B";"7,5";"HP";"Grundnivå";"3,25";"5,625";"8,875"
"2021";"MM5011";"Matematik II - Analys, del B";"7,5";"HP";"Grundnivå";"5,25";"7,875";"13,125"
"2017";"MM5012";"Matematik II - Linjär algebra";"7,5";"HP";"Grundnivå";"8,125";"15,75";"23,875"
"2018";"MM5012";"Matematik II - Linjär algebra";"7,5";"HP";"Grundnivå";"3,875";"8,375";"12,25"
"2019";"MM5012";"Matematik II - Linjär algebra";"7,5";"HP";"Grundnivå";"6,375";"14,5";"20,875"
"2020";"MM5012";"Matematik II - Linjär algebra";"7,5";"HP";"Grundnivå";"8,125";"13,0";"21,125"
"2021";"MM5012";"Matematik II - Linjär algebra";"7,5";"HP";"Grundnivå";"4,75";"9,0";"13,75"
"2017";"MM5013";"Matematik II - Algebra och kombinatorik";"7,5";"HP";"Grundnivå";"4,75";"8,625";"13,375"
"2018";"MM5013";"Matematik II - Algebra och kombinatorik";"7,5";"HP";"Grundnivå";"1,875";"6,875";"8,75"
"2019";"MM5013";"Matematik II - Algebra och kombinatorik";"7,5";"HP";"Grundnivå";"4,625";"8,375";"13,0"
"2020";"MM5013";"Matematik II - Algebra och kombinatorik";"7,5";"HP";"Grundnivå";"5,25";"13,125";"18,375"
"2021";"MM5013";"Matematik II - Algebra och kombinatorik";"7,5";"HP";"Grundnivå";"5,625";"8,75";"14,375"
"2017";"MM5014";"Numerisk analys";"7,5";"HP";"Grundnivå";"0,55";"2,1";"2,65"
"2018";"MM5014";"Numerisk analys";"7,5";"HP";"Grundnivå";"0,075";"0,175";"0,25"
"2019";"MM5014";"Numerisk analys";"7,5";"HP";"Grundnivå";"1,025";"3,175";"4,2"
"2020";"MM5014";"Numerisk analys";"7,5";"HP";"Grundnivå";"2,225";"6,275";"8,5"
"2021";"MM5014";"Numerisk analys";"7,5";"HP";"Grundnivå";"0,075";"0,425";"0,5"
"2021";"MM5015";"Matematik, vetenskap och samhälle";"7,5";"HP";"Grundnivå";"1,75";"3,125";"4,875"
"2021";"MM5016";"Numerisk analys I";"7,5";"HP";"Grundnivå";"1,75";"4,85";"6,6"
"2017";"MM5020";"Matematik III - Abstrakt algebra";"7,5";"HP";"Grundnivå";"1,0";"3,125";"4,125"
"2018";"MM5020";"Matematik III - Abstrakt algebra";"7,5";"HP";"Grundnivå";"0,75";"2,75";"3,5"
"2019";"MM5020";"Matematik III - Abstrakt algebra";"7,5";"HP";"Grundnivå";"0,5";"1,625";"2,125"
"2020";"MM5020";"Matematik III - Abstrakt algebra";"7,5";"HP";"Grundnivå";"1,5";"3,375";"4,875"
"2021";"MM5020";"Matematik III - Abstrakt algebra";"7,5";"HP";"Grundnivå";"0,875";"4,875";"5,75"
"2017";"MM5021";"Matematik III - Analysens grunder";"7,5";"HP";"Grundnivå";"0,5";"1,375";"1,875"
"2018";"MM5021";"Matematik III - Analysens grunder";"7,5";"HP";"Grundnivå";"0,375";"3,5";"3,875"
"2019";"MM5021";"Matematik III - Analysens grunder";"7,5";"HP";"Grundnivå";"0,5";"3,5";"4,0"
"2020";"MM5021";"Matematik III - Analysens grunder";"7,5";"HP";"Grundnivå";"0,875";"1,25";"2,125"
"2021";"MM5021";"Matematik III - Analysens grunder";"7,5";"HP";"Grundnivå";"1,5";"5,25";"6,75"
"2017";"MM5022";"Matematik III - Komplex analys";"7,5";"HP";"Grundnivå";"1,625";"4,5";"6,125"
"2018";"MM5022";"Matematik III - Komplex analys";"7,5";"HP";"Grundnivå";"1,5";"4,5";"6,0"
"2019";"MM5022";"Matematik III - Komplex analys";"7,5";"HP";"Grundnivå";"0,5";"3,0";"3,5"
"2020";"MM5022";"Matematik III - Komplex analys";"7,5";"HP";"Grundnivå";"2,125";"4,375";"6,5"
"2021";"MM5022";"Matematik III - Komplex analys";"7,5";"HP";"Grundnivå";"0,375";"1,0";"1,375"
"2017";"MM5023";"Matematik III - Kombinatorik";"7,5";"HP";"Grundnivå";"1,625";"3,875";"5,5"
"2018";"MM5023";"Matematik III - Kombinatorik";"7,5";"HP";"Grundnivå";"1,5";"2,875";"4,375"
"2019";"MM5023";"Matematik III - Kombinatorik";"7,5";"HP";"Grundnivå";"1,0";"2,875";"3,875"
"2020";"MM5023";"Matematik III - Kombinatorik";"7,5";"HP";"Grundnivå";"0,125";"1,25";"1,375"
"2021";"MM5023";"Matematik III - Kombinatorik";"7,5";"HP";"Grundnivå";"1,75";"3,375";"5,125"
"2017";"MM5024";"Matematik III - Logik";"7,5";"HP";"Grundnivå";"1,875";"3,375";"5,25"
"2018";"MM5024";"Matematik III - Logik";"7,5";"HP";"Grundnivå";"1,125";"3,375";"4,5"
"2019";"MM5024";"Matematik III - Logik";"7,5";"HP";"Grundnivå";"1,25";"4,0";"5,25"
"2020";"MM5024";"Matematik III - Logik";"7,5";"HP";"Grundnivå";"1,0";"2,625";"3,625"
"2021";"MM5024";"Matematik III - Logik";"7,5";"HP";"Grundnivå";"1,0";"2,75";"3,75"
"2017";"MM5025";"Matematisk modellering I";"7,5";"HP";"Grundnivå";"0";"0,68333";"0,68333"
"2018";"MM5025";"Matematisk modellering I";"7,5";"HP";"Grundnivå";"0,5";"1,0";"1,5"
"2019";"MM5025";"Matematisk modellering I";"7,5";"HP";"Grundnivå";"0,125";"0,875";"1,0"
"2020";"MM5025";"Matematisk modellering I";"7,5";"HP";"Grundnivå";"0,5";"0,5";"1,0"
"2021";"MM5026";"Matematik III - Ordinära differentialekvationer";"7,5";"HP";"Grundnivå";"1,125";"1,90833";"3,03333"
"2017";"MM508U";"Matematik II - Linjär algebra - kurs inom ULV-projektet";"7,5";"HP";"Grundnivå";"0";"0,25";"0,25"
"2018";"MM508U";"Matematik II - Linjär algebra - kurs inom ULV-projektet";"7,5";"HP";"Grundnivå";"0,125";"0";"0,125"
"2019";"MM508U";"Matematik II - Linjär algebra - kurs inom ULV-projektet";"7,5";"HP";"Grundnivå";"0,125";"0,125";"0,25"
"2020";"MM508U";"Matematik II - Linjär algebra - kurs inom ULV-projektet";"7,5";"HP";"Grundnivå";"0,125";"0,125";"0,25"
"2021";"MM508U";"Matematik II - Linjär algebra - kurs inom ULV-projektet";"7,5";"HP";"Grundnivå";"0,25";"0,125";"0,375"
"2017";"MM509U";"Matematik II - Linjär algebra - kurs inom VAL-projektet";"7,5";"HP";"Grundnivå";"0";"0,5";"0,5"
"2018";"MM509U";"Matematik II - Linjär algebra - kurs inom VAL-projektet";"7,5";"HP";"Grundnivå";"0";"0,125";"0,125"
"2019";"MM509U";"Matematik II - Linjär algebra - kurs inom VAL-projektet";"7,5";"HP";"Grundnivå";"0";"0,375";"0,375"
"2020";"MM509U";"Matematik II - Linjär algebra - kurs inom VAL-projektet";"7,5";"HP";"Grundnivå";"0,125";"0,25";"0,375"
"2021";"MM509U";"Matematik II - Linjär algebra - kurs inom VAL-projektet";"7,5";"HP";"Grundnivå";"0,25";"0";"0,25"
"2017";"MM510U";"Matematik II - Algebra och kombinatorik - kurs inom ULV-projektet";"7,5";"HP";"Grundnivå";"0,125";"0";"0,125"
"2018";"MM510U";"Matematik II - Algebra och kombinatorik - kurs inom ULV-projektet";"7,5";"HP";"Grundnivå";"0";"0,125";"0,125"
"2020";"MM510U";"Matematik II - Algebra och kombinatorik - kurs inom ULV-projektet";"7,5";"HP";"Grundnivå";"0";"0,375";"0,375"
"2017";"MM511U";"Matematik II - Algebra och kombinatorik - kurs inom VAL-projektet";"7,5";"HP";"Grundnivå";"0";"0,375";"0,375"
"2018";"MM511U";"Matematik II - Algebra och kombinatorik - kurs inom VAL-projektet";"7,5";"HP";"Grundnivå";"0";"0,125";"0,125"
"2019";"MM511U";"Matematik II - Algebra och kombinatorik - kurs inom VAL-projektet";"7,5";"HP";"Grundnivå";"0";"0,125";"0,125"
"2020";"MM511U";"Matematik II - Algebra och kombinatorik - kurs inom VAL-projektet";"7,5";"HP";"Grundnivå";"0";"0,125";"0,125"
"2021";"MM511U";"Matematik II - Algebra och kombinatorik - kurs inom VAL-projektet";"7,5";"HP";"Grundnivå";"0,375";"0,125";"0,5"
"2018";"MM512U";"Matematik II - Analys, del A - kurs inom ULV-projektet";"7,5";"HP";"Grundnivå";"0,125";"0,125";"0,25"
"2020";"MM512U";"Matematik II - Analys, del A - kurs inom ULV-projektet";"7,5";"HP";"Grundnivå";"0";"0,125";"0,125"
"2021";"MM512U";"Matematik II - Analys, del A - kurs inom ULV-projektet";"7,5";"HP";"Grundnivå";"0,125";"0,125";"0,25"
"2017";"MM513U";"Matematik II - Analys, del A - kurs inom VAL-projektet";"7,5";"HP";"Grundnivå";"0";"0,125";"0,125"
"2019";"MM513U";"Matematik II - Analys, del A - kurs inom VAL-projektet";"7,5";"HP";"Grundnivå";"0";"0,125";"0,125"
"2020";"MM513U";"Matematik II - Analys, del A - kurs inom VAL-projektet";"7,5";"HP";"Grundnivå";"0,25";"0,375";"0,625"
"2021";"MM513U";"Matematik II - Analys, del A - kurs inom VAL-projektet";"7,5";"HP";"Grundnivå";"0,25";"0,125";"0,375"
"2021";"MM514U";"Matematik II - Analys, del B - kurs inom ULV-projektet";"7,5";"HP";"Grundnivå";"0";"0,125";"0,125"
"2017";"MM515U";"Matematik II - Analys, del B - kurs inom VAL-projektet";"7,5";"HP";"Grundnivå";"0,125";"0";"0,125"
"2020";"MM515U";"Matematik II - Analys, del B - kurs inom VAL-projektet";"7,5";"HP";"Grundnivå";"0,125";"0,125";"0,25"
"2021";"MM515U";"Matematik II - Analys, del B - kurs inom VAL-projektet";"7,5";"HP";"Grundnivå";"0,125";"0,375";"0,5"
"2017";"MM516U";"Den klassiska matematikens historiska utveckling - kurs inom VAL-projektet";"7,5";"HP";"Grundnivå";"0";"0,125";"0,125"
"2019";"MM516U";"Den klassiska matematikens historiska utveckling - kurs inom VAL-projektet";"7,5";"HP";"Grundnivå";"0";"0,125";"0,125"
"2017";"MM6001";"Matematik, självständigt arbete";"15,0";"HP";"Grundnivå";"0,725";"1,225";"1,95"
"2018";"MM6001";"Matematik, självständigt arbete";"15,0";"HP";"Grundnivå";"0,05";"1,0";"1,05"
"2019";"MM6001";"Matematik, självständigt arbete";"15,0";"HP";"Grundnivå";"0,25";"0,275";"0,525"
"2020";"MM6001";"Matematik, självständigt arbete";"15,0";"HP";"Grundnivå";"0,225";"0";"0,225"
"2017";"MM6004";"Matematik, självständigt arbete";"15,0";"HP";"Grundnivå";"1,275";"5,575";"6,85"
"2018";"MM6004";"Matematik, självständigt arbete";"15,0";"HP";"Grundnivå";"1,975";"5,725";"7,7"
"2019";"MM6004";"Matematik, självständigt arbete";"15,0";"HP";"Grundnivå";"1,275";"5,925";"7,2"
"2020";"MM6004";"Matematik, självständigt arbete";"15,0";"HP";"Grundnivå";"3,475";"5,775";"9,25"
"2021";"MM6004";"Matematik, självständigt arbete";"15,0";"HP";"Grundnivå";"2,55";"5,925";"8,475"
"2018";"MM6005";"Matematik, självständigt arbete för lärare";"15,0";"HP";"Grundnivå";"0,025";"0,075";"0,1"
"2019";"MM6005";"Matematik, självständigt arbete för lärare";"15,0";"HP";"Grundnivå";"1,2";"1,425";"2,625"
"2020";"MM6005";"Matematik, självständigt arbete för lärare";"15,0";"HP";"Grundnivå";"0,825";"1,375";"2,2"
"2021";"MM6005";"Matematik, självständigt arbete för lärare";"15,0";"HP";"Grundnivå";"1,05";"1,45";"2,5"
"2021";"MM6010";"Matematik, självständigt arbete";"15,0";"HP";"Grundnivå";"0,5";"1,25";"1,75"
"2017";"MM7004";"Ordinära differentialekvationer";"7,5";"HP";"Avancerad nivå";"0,125";"1,125";"1,25"
"2018";"MM7004";"Ordinära differentialekvationer";"7,5";"HP";"Avancerad nivå";"0,375";"1,0";"1,375"
"2019";"MM7004";"Ordinära differentialekvationer";"7,5";"HP";"Avancerad nivå";"0,375";"1,5";"1,875"
"2020";"MM7004";"Ordinära differentialekvationer";"7,5";"HP";"Avancerad nivå";"0,875";"0,75";"1,625"
"2017";"MM7005";"Linjär analys";"7,5";"HP";"Avancerad nivå";"0,25";"0,625";"0,875"
"2018";"MM7005";"Linjär analys";"7,5";"HP";"Avancerad nivå";"0,25";"0,625";"0,875"
"2019";"MM7005";"Linjär analys";"7,5";"HP";"Avancerad nivå";"0,125";"0";"0,125"
"2021";"MM7005";"Linjär analys";"7,5";"HP";"Avancerad nivå";"0";"0,125";"0,125"
"2017";"MM7006";"Optimering";"7,5";"HP";"Avancerad nivå";"0,5";"1,375";"1,875"
"2018";"MM7006";"Optimering";"7,5";"HP";"Avancerad nivå";"1,625";"3,5";"5,125"
"2019";"MM7006";"Optimering";"7,5";"HP";"Avancerad nivå";"0,875";"1,75";"2,625"
"2020";"MM7006";"Optimering";"7,5";"HP";"Avancerad nivå";"0,125";"0,5";"0,625"
"2017";"MM7010";"Dynamiska system och optimal kontrollteori";"7,5";"HP";"Avancerad nivå";"0,25";"1,0";"1,25"
"2018";"MM7010";"Dynamiska system och optimal kontrollteori";"7,5";"HP";"Avancerad nivå";"0,25";"0,75";"1,0"
"2019";"MM7010";"Dynamiska system och optimal kontrollteori";"7,5";"HP";"Avancerad nivå";"0,625";"0,875";"1,5"
"2021";"MM7010";"Dynamiska system och optimal kontrollteori";"7,5";"HP";"Avancerad nivå";"0";"0,375";"0,375"
"2017";"MM7011";"Matematisk ekonomi";"7,5";"HP";"Avancerad nivå";"0,125";"0,75";"0,875"
"2018";"MM7011";"Matematisk ekonomi";"7,5";"HP";"Avancerad nivå";"0,25";"0";"0,25"
"2017";"MM7012";"Matematikens utveckling II";"7,5";"HP";"Avancerad nivå";"0,125";"0";"0,125"
"2017";"MM7016";"Matematiska dynamiska modeller i biologi";"7,5";"HP";"Avancerad nivå";"0,125";"0,5";"0,625"
"2018";"MM7016";"Matematiska dynamiska modeller i biologi";"7,5";"HP";"Avancerad nivå";"0";"0,125";"0,125"
"2017";"MM7018";"Krypteringsmatematik";"7,5";"HP";"Avancerad nivå";"0,5";"2,0";"2,5"
"2018";"MM7018";"Krypteringsmatematik";"7,5";"HP";"Avancerad nivå";"0,375";"1,625";"2,0"
"2019";"MM7018";"Krypteringsmatematik";"7,5";"HP";"Avancerad nivå";"0,625";"1,5";"2,125"
"2020";"MM7018";"Krypteringsmatematik";"7,5";"HP";"Avancerad nivå";"1,0";"1,375";"2,375"
"2017";"MM7020";"Matematisk kommunikation";"7,5";"HP";"Avancerad nivå";"0,5";"3,05";"3,55"
"2018";"MM7020";"Matematisk kommunikation";"7,5";"HP";"Avancerad nivå";"0,625";"2,05";"2,675"
"2019";"MM7020";"Matematisk kommunikation";"7,5";"HP";"Avancerad nivå";"1,225";"3,275";"4,5"
"2020";"MM7020";"Matematisk kommunikation";"7,5";"HP";"Avancerad nivå";"0,9";"3,925";"4,825"
"2021";"MM7020";"Matematisk kommunikation";"7,5";"HP";"Avancerad nivå";"1,075";"3,4";"4,475"
"2017";"MM7021";"Elementär differentialgeometri";"7,5";"HP";"Avancerad nivå";"0";"0,5";"0,5"
"2018";"MM7021";"Elementär differentialgeometri";"7,5";"HP";"Avancerad nivå";"0,125";"0,75";"0,875"
"2020";"MM7021";"Elementär differentialgeometri";"7,5";"HP";"Avancerad nivå";"0,5";"1,25";"1,75"
"2018";"MM7022";"Logik II";"7,5";"HP";"Avancerad nivå";"0,375";"1,0";"1,375"
"2019";"MM7022";"Logik II";"7,5";"HP";"Avancerad nivå";"0";"1,125";"1,125"
"2020";"MM7022";"Logik II";"7,5";"HP";"Avancerad nivå";"0,125";"1,0";"1,125"
"2021";"MM7022";"Logik II";"7,5";"HP";"Avancerad nivå";"0";"0,625";"0,625"
"2019";"MM7023";"Teori för beräkningar och formella språk";"7,5";"HP";"Avancerad nivå";"0,125";"1,375";"1,5"
"2021";"MM7023";"Teori för beräkningar och formella språk";"7,5";"HP";"Avancerad nivå";"0,125";"0,75";"0,875"
"2019";"MM7024";"Linjär algebra och inlärning från data";"7,5";"HP";"Avancerad nivå";"0";"1,875";"1,875"
"2020";"MM7024";"Linjär algebra och inlärning från data";"7,5";"HP";"Avancerad nivå";"0,875";"1,875";"2,75"
"2021";"MM7024";"Linjär algebra och inlärning från data";"7,5";"HP";"Avancerad nivå";"1,25";"1,125";"2,375"
"2020";"MM7025";"Datoralgebra";"7,5";"HP";"Avancerad nivå";"0";"0,25";"0,25"
"2020";"MM7026";"Avancerad komplex analys";"7,5";"HP";"Avancerad nivå";"0";"0,125";"0,125"
"2020";"MM7028";"Optimering";"7,5";"HP";"Avancerad nivå";"0";"0,75";"0,75"
"2021";"MM7028";"Optimering";"7,5";"HP";"Avancerad nivå";"0,25";"0";"0,25"
"2021";"MM7029";"Krypteringsmatematik";"7,5";"HP";"Avancerad nivå";"0,125";"1,33333";"1,45833"
"2021";"MM7041";"Topologi";"7,5";"HP";"Avancerad nivå";"1,0";"4,25";"5,25"
"2021";"MM7042";"Kommutativ algebra och algebraisk geometri";"7,5";"HP";"Avancerad nivå";"0,125";"2,25";"2,375"
"2020";"MM7043";"Galoisteori";"7,5";"HP";"Avancerad nivå";"0,125";"0,75";"0,875"
"2021";"MM7043";"Galoisteori";"7,5";"HP";"Avancerad nivå";"0";"0,25";"0,25"
"2020";"MM705U";"Ordinära differentialekvationer- kurs inom VAL-projektet";"7,5";"HP";"Avancerad nivå";"0";"0,125";"0,125"
"2017";"MM8002";"Topologi";"7,5";"HP";"Avancerad nivå";"0,375";"2,25";"2,625"
"2018";"MM8002";"Topologi";"7,5";"HP";"Avancerad nivå";"0,25";"1,625";"1,875"
"2019";"MM8002";"Topologi";"7,5";"HP";"Avancerad nivå";"1,0";"4,25";"5,25"
"2020";"MM8002";"Topologi";"7,5";"HP";"Avancerad nivå";"0";"0,5";"0,5"
"2021";"MM8002";"Topologi";"7,5";"HP";"Avancerad nivå";"0";"0,125";"0,125"
"2017";"MM8003";"Fourieranalys";"7,5";"HP";"Avancerad nivå";"0";"0,125";"0,125"
"2018";"MM8003";"Fourieranalys";"7,5";"HP";"Avancerad nivå";"0";"0,625";"0,625"
"2017";"MM8004";"Algebra IV";"7,5";"HP";"Avancerad nivå";"0";"0,125";"0,125"
"2017";"MM8005";"Galoisteori";"7,5";"HP";"Avancerad nivå";"0,125";"2,125";"2,25"
"2019";"MM8005";"Galoisteori";"7,5";"HP";"Avancerad nivå";"0,375";"1,625";"2,0"
"2017";"MM8008";"Partiella differentialekvationer";"7,5";"HP";"Avancerad nivå";"0,375";"0,625";"1,0"
"2018";"MM8008";"Partiella differentialekvationer";"7,5";"HP";"Avancerad nivå";"0,125";"0,25";"0,375"
"2020";"MM8008";"Partiella differentialekvationer";"7,5";"HP";"Avancerad nivå";"0,5";"0,875";"1,375"
"2021";"MM8008";"Partiella differentialekvationer";"7,5";"HP";"Avancerad nivå";"0,125";"0,875";"1,0"
"2018";"MM8011";"Kombinatorik III";"7,5";"HP";"Avancerad nivå";"0";"0,75";"0,75"
"2020";"MM8011";"Kombinatorik III";"7,5";"HP";"Avancerad nivå";"0,125";"0,375";"0,5"
"2018";"MM8012";"Talteori";"7,5";"HP";"Avancerad nivå";"0,125";"0,625";"0,75"
"2020";"MM8012";"Talteori";"7,5";"HP";"Avancerad nivå";"0";"0,25";"0,25"
"2019";"MM8014";"Kaotiska dynamiska system";"7,5";"HP";"Avancerad nivå";"0,125";"0,125";"0,25"
"2021";"MM8014";"Kaotiska dynamiska system";"7,5";"HP";"Avancerad nivå";"0";"0,25";"0,25"
"2018";"MM8015";"Optimering II";"7,5";"HP";"Avancerad nivå";"0";"0,125";"0,125"
"2019";"MM8015";"Optimering II";"7,5";"HP";"Avancerad nivå";"0";"0,25";"0,25"
"2018";"MM8016";"Matematisk kontrollteori";"7,5";"HP";"Avancerad nivå";"0";"0,125";"0,125"
"2020";"MM8016";"Matematisk kontrollteori";"7,5";"HP";"Avancerad nivå";"0,125";"0,25";"0,375"
"2017";"MM8018";"Enumerativ kombinatorik";"7,5";"HP";"Avancerad nivå";"0,375";"0,125";"0,5"
"2019";"MM8018";"Enumerativ kombinatorik";"7,5";"HP";"Avancerad nivå";"0,125";"0,625";"0,75"
"2021";"MM8018";"Enumerativ kombinatorik";"7,5";"HP";"Avancerad nivå";"0,125";"0,5";"0,625"
"2017";"MM8019";"Algebraisk geometri och kommutativ algebra";"7,5";"HP";"Avancerad nivå";"0,5";"3,125";"3,625"
"2018";"MM8019";"Algebraisk geometri och kommutativ algebra";"7,5";"HP";"Avancerad nivå";"0,75";"3,625";"4,375"
"2019";"MM8019";"Algebraisk geometri och kommutativ algebra";"7,5";"HP";"Avancerad nivå";"0";"0,125";"0,125"
"2020";"MM8019";"Algebraisk geometri och kommutativ algebra";"7,5";"HP";"Avancerad nivå";"0,5";"0,625";"1,125"
"2017";"MM8020";"Homologisk algebra och algebraisk topologi";"7,5";"HP";"Avancerad nivå";"0";"0,875";"0,875"
"2018";"MM8021";"Representationsteori för ändliga grupper";"7,5";"HP";"Avancerad nivå";"0,25";"1,875";"2,125"
"2020";"MM8021";"Representationsteori för ändliga grupper";"7,5";"HP";"Avancerad nivå";"0,125";"1,0";"1,125"
"2017";"MM8022";"Differentialgeometri";"7,5";"HP";"Avancerad nivå";"0,125";"0,625";"0,75"
"2019";"MM8022";"Differentialgeometri";"7,5";"HP";"Avancerad nivå";"0";"0,125";"0,125"
"2021";"MM8022";"Differentialgeometri";"7,5";"HP";"Avancerad nivå";"0,125";"0,125";"0,25"
"2017";"MM8025";"Avancerad linjär algebra";"7,5";"HP";"Avancerad nivå";"0,25";"1,0";"1,25"
"2018";"MM8027";"Mängdteori och forcing";"7,5";"HP";"Avancerad nivå";"0";"0,625";"0,625"
"2017";"MM8028";"Metamatematik och bevisteori";"7,5";"HP";"Avancerad nivå";"0,125";"0,75";"0,875"
"2017";"MM8031";"Valda ämnen i matematik - algebra";"7,5";"HP";"Avancerad nivå";"0,125";"2,625";"2,75"
"2017";"MM8035";"Valda ämnen i matematik - matematisk logik";"7,5";"HP";"Avancerad nivå";"0";"0,125";"0,125"
"2019";"MM8035";"Valda ämnen i matematik - matematisk logik";"7,5";"HP";"Avancerad nivå";"0";"0,25";"0,25"
"2020";"MM8036";"Typteori";"7,5";"HP";"Avancerad nivå";"0,125";"0,625";"0,75"
"2017";"MM8037";"Avancerad reell analys I";"7,5";"HP";"Avancerad nivå";"0,25";"1,25";"1,5"
"2018";"MM8037";"Avancerad reell analys I";"7,5";"HP";"Avancerad nivå";"0,125";"0,625";"0,75"
"2019";"MM8037";"Avancerad reell analys I";"7,5";"HP";"Avancerad nivå";"0,25";"0,125";"0,375"
"2020";"MM8037";"Avancerad reell analys I";"7,5";"HP";"Avancerad nivå";"0";"0,75";"0,75"
"2021";"MM8037";"Avancerad reell analys I";"7,5";"HP";"Avancerad nivå";"0";"0,375";"0,375"
"2017";"MM8039";"Avancerad reell analys II";"7,5";"HP";"Avancerad nivå";"0,125";"0,5";"0,625"
"2019";"MM8039";"Avancerad reell analys II";"7,5";"HP";"Avancerad nivå";"0";"0,5";"0,5"
"2021";"MM8039";"Avancerad reell analys II";"7,5";"HP";"Avancerad nivå";"0,125";"0,875";"1,0"
"2018";"MM8040";"Funktionsteori i flera komplexa variabler";"7,5";"HP";"Avancerad nivå";"0";"0,25";"0,25"
"2019";"MM8040";"Funktionsteori i flera komplexa variabler";"7,5";"HP";"Avancerad nivå";"0";"0,75";"0,75"
"2021";"MM8040";"Funktionsteori i flera komplexa variabler";"7,5";"HP";"Avancerad nivå";"0,125";"0,5";"0,625"
"2020";"MM8042";"Algebraisk topologi";"7,5";"HP";"Avancerad nivå";"0,125";"1,25";"1,375"
"2019";"MM8043";"Reduktiva algebraiska grupper";"7,5";"HP";"Avancerad nivå";"0,125";"0,75";"0,875"
"2020";"MM9001";"Matematik, självständigt arbete";"30,0";"HP";"Avancerad nivå";"0";"0,5";"0,5"
"2019";"MM9003";"Tillämpad matematik, självständigt arbete";"30,0";"HP";"Avancerad nivå";"0";"0,5";"0,5"
"2017";"MM9007";"Matematik, självständigt arbete";"30,0";"HP";"Avancerad nivå";"0,5";"5,0";"5,5"
"2018";"MM9007";"Matematik, självständigt arbete";"30,0";"HP";"Avancerad nivå";"0,5";"4,0";"4,5"
"2019";"MM9007";"Matematik, självständigt arbete";"30,0";"HP";"Avancerad nivå";"0,5";"2,5";"3,0"
"2020";"MM9007";"Matematik, självständigt arbete";"30,0";"HP";"Avancerad nivå";"0,5";"3,0";"3,5"
"2021";"MM9007";"Matematik, självständigt arbete";"30,0";"HP";"Avancerad nivå";"0,5";"5,5";"6,0"
"2017";"MML401";"Linjär algebra för lärare, fortsättningskurs";"7,5";"HP";"Grundnivå";"0,125";"0";"0,125"
"2017";"MML402";"Algebra och kombinatorik för lärare, fortsättningskurs";"7,5";"HP";"Grundnivå";"0";"0,125";"0,125"
"2017";"MMU304";"Matematik I - kurs inom VAL-projektet";"30,0";"HP";"Grundnivå";"0";"0,3";"0,3"
"2018";"MMU304";"Matematik I - kurs inom VAL-projektet";"30,0";"HP";"Grundnivå";"0,025";"0,25";"0,275"
"2019";"MMU304";"Matematik I - kurs inom VAL-projektet";"30,0";"HP";"Grundnivå";"0,025";"0,425";"0,45"
"2020";"MMU304";"Matematik I - kurs inom VAL-projektet";"30,0";"HP";"Grundnivå";"0";"0,275";"0,275"
"2021";"MMU304";"Matematik I - kurs inom VAL-projektet";"30,0";"HP";"Grundnivå";"0,25";"0,425";"0,675"
"2017";"MMU305";"Matematik I - kurs inom ULV-projektet";"30,0";"HP";"Grundnivå";"0,25";"1,125";"1,375"
"2018";"MMU305";"Matematik I - kurs inom ULV-projektet";"30,0";"HP";"Grundnivå";"0,2";"0";"0,2"
"2019";"MMU305";"Matematik I - kurs inom ULV-projektet";"30,0";"HP";"Grundnivå";"0,25";"0";"0,25"
"2020";"MMU305";"Matematik I - kurs inom ULV-projektet";"30,0";"HP";"Grundnivå";"1,725";"0,25";"1,975"
"2021";"MMU305";"Matematik I - kurs inom ULV-projektet";"30,0";"HP";"Grundnivå";"1,35";"0";"1,35"
"2017";"MT1011";"Sannolikhetslära och statistik för lärare";"7,5";"HP";"Grundnivå";"1,375";"2,375";"3,75"
"2018";"MT1011";"Sannolikhetslära och statistik för lärare";"7,5";"HP";"Grundnivå";"1,5";"1,75";"3,25"
"2019";"MT1011";"Sannolikhetslära och statistik för lärare";"7,5";"HP";"Grundnivå";"1,5";"2,625";"4,125"
"2020";"MT1011";"Sannolikhetslära och statistik för lärare";"7,5";"HP";"Grundnivå";"2,75";"2,625";"5,375"
"2021";"MT1011";"Sannolikhetslära och statistik för lärare";"7,5";"HP";"Grundnivå";"3,25";"2,125";"5,375"
"2018";"MT102U";"Sannolikhetslära och statistik för lärare - kurs inom ULV-projektet";"7,5";"HP";"Grundnivå";"0,125";"0,25";"0,375"
"2019";"MT102U";"Sannolikhetslära och statistik för lärare - kurs inom ULV-projektet";"7,5";"HP";"Grundnivå";"0,125";"0";"0,125"
"2021";"MT102U";"Sannolikhetslära och statistik för lärare - kurs inom ULV-projektet";"7,5";"HP";"Grundnivå";"0,625";"0,125";"0,75"
"2019";"MT103U";"Sannolikhetslära och statistik för lärare - kurs inom VAL-projektet";"7,5";"HP";"Grundnivå";"0";"0,125";"0,125"
"2021";"MT103U";"Sannolikhetslära och statistik för lärare - kurs inom VAL-projektet";"7,5";"HP";"Grundnivå";"0,375";"0";"0,375"
"2017";"MT3001";"Sannolikhetsteori I";"7,5";"HP";"Grundnivå";"2,35";"6,5";"8,85"
"2018";"MT3001";"Sannolikhetsteori I";"7,5";"HP";"Grundnivå";"2,525";"5,5";"8,025"
"2019";"MT3001";"Sannolikhetsteori I";"7,5";"HP";"Grundnivå";"1,875";"7,225";"9,1"
"2020";"MT3001";"Sannolikhetsteori I";"7,5";"HP";"Grundnivå";"2,975";"8,15";"11,125"
"2021";"MT3001";"Sannolikhetsteori I";"7,5";"HP";"Grundnivå";"1,95";"6,375";"8,325"
"2020";"MT3002";"Matematiska och statistiska metoder för spridning av smittsamma sjukdomar";"7,5";"HP";"Grundnivå";"1,55";"2,43333";"3,98333"
"2021";"MT3003";"Introduktion till databehandling";"7,5";"HP";"Grundnivå";"0,45";"1,575";"2,025"
"2017";"MT4001";"Statistisk analys";"7,5";"HP";"Grundnivå";"2,675";"4,95";"7,625"
"2018";"MT4001";"Statistisk analys";"7,5";"HP";"Grundnivå";"1,525";"4,775";"6,3"
"2019";"MT4001";"Statistisk analys";"7,5";"HP";"Grundnivå";"1,35";"4,25";"5,6"
"2020";"MT4001";"Statistisk analys";"7,5";"HP";"Grundnivå";"1,725";"4,6";"6,325"
"2021";"MT4001";"Statistisk analys";"7,5";"HP";"Grundnivå";"1,4";"5,2";"6,6"
"2017";"MT4002";"Stokastiska processer och simulering I";"7,5";"HP";"Grundnivå";"2,275";"4,5";"6,775"
"2018";"MT4002";"Stokastiska processer och simulering I";"7,5";"HP";"Grundnivå";"1,775";"4,225";"6,0"
"2019";"MT4002";"Stokastiska processer och simulering I";"7,5";"HP";"Grundnivå";"1,375";"4,85";"6,225"
"2020";"MT4002";"Stokastiska processer och simulering I";"7,5";"HP";"Grundnivå";"1,25";"4,475";"5,725"
"2021";"MT4002";"Stokastiska processer och simulering I";"7,5";"HP";"Grundnivå";"1,95";"5,275";"7,225"
"2020";"MT4003";"Tillämpad statistisk analys";"7,5";"HP";"Grundnivå";"0";"0,025";"0,025"
"2017";"MT4004";"Ekonometri";"7,5";"HP";"Grundnivå";"0,725";"0,65";"1,375"
"2018";"MT4004";"Ekonometri";"7,5";"HP";"Grundnivå";"0,05";"0,025";"0,075"
"2020";"MT4004";"Ekonometri";"7,5";"HP";"Grundnivå";"0";"0,025";"0,025"
"2021";"MT4006";"Tidsserieanalys, diplomeringskurs för aktuarier";"1,5";"HP";"Grundnivå";"0,025";"0,05";"0,075"
"2021";"MT4007";"Statistisk databehandling";"7,5";"HP";"Grundnivå";"0,275";"0,7";"0,975"
"2021";"MT401U";"Sannolikhetsteori I - kurs inom VAL";"7,5";"HP";"Grundnivå";"0,125";"0";"0,125"
"2017";"MT5001";"Linjära statistiska modeller";"7,5";"HP";"Grundnivå";"3,05833";"3,84167";"6,9"
"2018";"MT5001";"Linjära statistiska modeller";"7,5";"HP";"Grundnivå";"1,00833";"2,875";"3,88333"
"2019";"MT5001";"Linjära statistiska modeller";"7,5";"HP";"Grundnivå";"1,25";"2,86667";"4,11667"
"2020";"MT5001";"Linjära statistiska modeller";"7,5";"HP";"Grundnivå";"1,0";"3,38333";"4,38333"
"2021";"MT5001";"Linjära statistiska modeller";"7,5";"HP";"Grundnivå";"0,55833";"1,85833";"2,41667"
"2017";"MT5002";"Sannolikhetsteori II";"7,5";"HP";"Grundnivå";"1,5";"2,75";"4,25"
"2018";"MT5002";"Sannolikhetsteori II";"7,5";"HP";"Grundnivå";"1,625";"2,875";"4,5"
"2019";"MT5002";"Sannolikhetsteori II";"7,5";"HP";"Grundnivå";"1,0";"3,875";"4,875"
"2020";"MT5002";"Sannolikhetsteori II";"7,5";"HP";"Grundnivå";"1,625";"4,375";"6,0"
"2021";"MT5002";"Sannolikhetsteori II";"7,5";"HP";"Grundnivå";"1,375";"3,75";"5,125"
"2017";"MT5003";"Statistisk inferensteori";"7,5";"HP";"Grundnivå";"1,85";"1,825";"3,675"
"2018";"MT5003";"Statistisk inferensteori";"7,5";"HP";"Grundnivå";"1,775";"4,15";"5,925"
"2019";"MT5003";"Statistisk inferensteori";"7,5";"HP";"Grundnivå";"1,225";"2,6";"3,825"
"2020";"MT5003";"Statistisk inferensteori";"7,5";"HP";"Grundnivå";"1,25";"3,5";"4,75"
"2021";"MT5003";"Statistisk inferensteori";"7,5";"HP";"Grundnivå";"0,775";"2,3";"3,075"
"2017";"MT5004";"Stokastiska processer och simulering II";"7,5";"HP";"Grundnivå";"0,375";"1,375";"1,75"
"2018";"MT5004";"Stokastiska processer och simulering II";"7,5";"HP";"Grundnivå";"0";"0,125";"0,125"
"2017";"MT5006";"Analys av kategoridata";"7,5";"HP";"Grundnivå";"1,11667";"1,11667";"2,23333"
"2018";"MT5006";"Analys av kategoridata";"7,5";"HP";"Grundnivå";"1,06667";"1,375";"2,44167"
"2019";"MT5006";"Analys av kategoridata";"7,5";"HP";"Grundnivå";"1,18333";"2,14167";"3,325"
"2020";"MT5006";"Analys av kategoridata";"7,5";"HP";"Grundnivå";"0,36667";"2,0";"2,36667"
"2021";"MT5006";"Analys av kategoridata";"7,5";"HP";"Grundnivå";"0,19167";"1,0";"1,19167"
"2017";"MT5009";"Grundläggande finansmatematik";"7,5";"HP";"Grundnivå";"1,025";"1,3";"2,325"
"2018";"MT5009";"Grundläggande finansmatematik";"7,5";"HP";"Grundnivå";"0,5";"0,2";"0,7"
"2019";"MT5009";"Grundläggande finansmatematik";"7,5";"HP";"Grundnivå";"0,6";"2,375";"2,975"
"2020";"MT5009";"Grundläggande finansmatematik";"7,5";"HP";"Grundnivå";"2,05";"3,075";"5,125"
"2021";"MT5009";"Grundläggande finansmatematik";"7,5";"HP";"Grundnivå";"0,2";"3,025";"3,225"
"2018";"MT5011";"Grundläggande försäkringsmatematik";"7,5";"HP";"Grundnivå";"1,25";"2,06667";"3,31667"
"2019";"MT5011";"Grundläggande försäkringsmatematik";"7,5";"HP";"Grundnivå";"0,63333";"1,25";"1,88333"
"2020";"MT5011";"Grundläggande försäkringsmatematik";"7,5";"HP";"Grundnivå";"1,05833";"2,76667";"3,825"
"2021";"MT5011";"Grundläggande försäkringsmatematik";"7,5";"HP";"Grundnivå";"0,19167";"1,375";"1,56667"
"2018";"MT5012";"Stokastiska processer och simulering II";"7,5";"HP";"Grundnivå";"0,275";"1,25";"1,525"
"2019";"MT5012";"Stokastiska processer och simulering II";"7,5";"HP";"Grundnivå";"0,95";"0,9";"1,85"
"2020";"MT5012";"Stokastiska processer och simulering II";"7,5";"HP";"Grundnivå";"0,475";"2,15";"2,625"
"2021";"MT5012";"Stokastiska processer och simulering II";"7,5";"HP";"Grundnivå";"0,4";"0,75";"1,15"
"2018";"MT5013";"Statistisk databehandling";"7,5";"HP";"Grundnivå";"1,375";"2,775";"4,15"
"2019";"MT5013";"Statistisk databehandling";"7,5";"HP";"Grundnivå";"1,35";"1,875";"3,225"
"2020";"MT5013";"Statistisk databehandling";"7,5";"HP";"Grundnivå";"1,175";"2,775";"3,95"
"2021";"MT5013";"Statistisk databehandling";"7,5";"HP";"Grundnivå";"0,4";"2,35";"2,75"
"2019";"MT5014";"Ekonometriska metoder";"7,5";"HP";"Grundnivå";"0";"0,975";"0,975"
"2020";"MT5014";"Ekonometriska metoder";"7,5";"HP";"Grundnivå";"0,25";"0,775";"1,025"
"2021";"MT5014";"Ekonometriska metoder";"7,5";"HP";"Grundnivå";"0,375";"1,475";"1,85"
"2017";"MT6001";"Matematisk statistik, självständigt arbete";"15,0";"HP";"Grundnivå";"3,225";"2,775";"6,0"
"2018";"MT6001";"Matematisk statistik, självständigt arbete";"15,0";"HP";"Grundnivå";"2,2";"3,3";"5,5"
"2019";"MT6001";"Matematisk statistik, självständigt arbete";"15,0";"HP";"Grundnivå";"2,5";"4,45";"6,95"
"2020";"MT6001";"Matematisk statistik, självständigt arbete";"15,0";"HP";"Grundnivå";"2,2";"2,975";"5,175"
"2021";"MT6001";"Matematisk statistik, självständigt arbete";"15,0";"HP";"Grundnivå";"1,8";"3,125";"4,925"
"2021";"MT6010";"Matematisk statistik, självständigt arbete";"15,0";"HP";"Grundnivå";"0";"0,5";"0,5"
"2017";"MT7001";"Sannolikhetsteori III";"7,5";"HP";"Avancerad nivå";"0,125";"0,75";"0,875"
"2018";"MT7001";"Sannolikhetsteori III";"7,5";"HP";"Avancerad nivå";"0,875";"1,125";"2,0"
"2019";"MT7001";"Sannolikhetsteori III";"7,5";"HP";"Avancerad nivå";"0,625";"1,25";"1,875"
"2020";"MT7001";"Sannolikhetsteori III";"7,5";"HP";"Avancerad nivå";"0,5";"1,25";"1,75"
"2021";"MT7001";"Sannolikhetsteori III";"7,5";"HP";"Avancerad nivå";"0,75";"1,125";"1,875"
"2017";"MT7002";"Statistiska modeller";"7,5";"HP";"Avancerad nivå";"0,25";"1,0";"1,25"
"2018";"MT7002";"Statistiska modeller";"7,5";"HP";"Avancerad nivå";"0,875";"0,5";"1,375"
"2019";"MT7002";"Statistiska modeller";"7,5";"HP";"Avancerad nivå";"0,875";"1,0";"1,875"
"2020";"MT7002";"Statistiska modeller";"7,5";"HP";"Avancerad nivå";"0,5";"1,5";"2,0"
"2021";"MT7002";"Statistiska modeller";"7,5";"HP";"Avancerad nivå";"0,375";"1,0";"1,375"
"2017";"MT7003";"Bayesianska metoder";"7,5";"HP";"Avancerad nivå";"0,25";"1,375";"1,625"
"2019";"MT7003";"Bayesianska metoder";"7,5";"HP";"Avancerad nivå";"1,375";"1,25";"2,625"
"2020";"MT7003";"Bayesianska metoder";"7,5";"HP";"Avancerad nivå";"0,125";"0,125";"0,25"
"2021";"MT7003";"Bayesianska metoder";"7,5";"HP";"Avancerad nivå";"0,5";"1,75";"2,25"
"2018";"MT7006";"Överlevnadsanalys";"7,5";"HP";"Avancerad nivå";"1,725";"1,425";"3,15"
"2020";"MT7006";"Överlevnadsanalys";"7,5";"HP";"Avancerad nivå";"0,75";"2,8";"3,55"
"2017";"MT7010";"Fördjupning i finansmatematik";"7,5";"HP";"Avancerad nivå";"0,09167";"0";"0,09167"
"2020";"MT7010";"Fördjupning i finansmatematik";"7,5";"HP";"Avancerad nivå";"0,03333";"0";"0,03333"
"2017";"MT7012";"Livförsäkringsmatematik I";"7,5";"HP";"Avancerad nivå";"2,075";"1,75";"3,825"
"2018";"MT7012";"Livförsäkringsmatematik I";"7,5";"HP";"Avancerad nivå";"0,6";"1,125";"1,725"
"2019";"MT7012";"Livförsäkringsmatematik I";"7,5";"HP";"Avancerad nivå";"0,5";"1,725";"2,225"
"2020";"MT7012";"Livförsäkringsmatematik I";"7,5";"HP";"Avancerad nivå";"0,725";"2,25";"2,975"
"2017";"MT7015";"Försäkringsredovisning";"7,5";"HP";"Avancerad nivå";"0";"0,025";"0,025"
"2017";"MT7016";"Nationalekonomi för aktuarier";"7,5";"HP";"Avancerad nivå";"1,75";"2,0";"3,75"
"2019";"MT7016";"Nationalekonomi för aktuarier";"7,5";"HP";"Avancerad nivå";"1,125";"1,875";"3,0"
"2021";"MT7016";"Nationalekonomi för aktuarier";"7,5";"HP";"Avancerad nivå";"0,625";"2,125";"2,75"
"2017";"MT7017";"Försäkringsjuridik för aktuarier I";"7,5";"HP";"Avancerad nivå";"2,375";"5,0";"7,375"
"2019";"MT7017";"Försäkringsjuridik för aktuarier I";"7,5";"HP";"Avancerad nivå";"2,75";"2,5";"5,25"
"2021";"MT7017";"Försäkringsjuridik för aktuarier I";"7,5";"HP";"Avancerad nivå";"1,125";"2,75";"3,875"
"2018";"MT7018";"Försäkringsjuridik för aktuarier II";"7,5";"HP";"Avancerad nivå";"2,75";"2,75";"5,5"
"2020";"MT7018";"Försäkringsjuridik för aktuarier II";"7,5";"HP";"Avancerad nivå";"2,0";"2,25";"4,25"
"2017";"MT7023";"Stokastiska processer III";"7,5";"HP";"Avancerad nivå";"0,25";"0,75";"1,0"
"2018";"MT7023";"Stokastiska processer III";"7,5";"HP";"Avancerad nivå";"0";"0,25";"0,25"
"2019";"MT7023";"Stokastiska processer III";"7,5";"HP";"Avancerad nivå";"0";"0,25";"0,25"
"2020";"MT7023";"Stokastiska processer III";"7,5";"HP";"Avancerad nivå";"0,125";"0,25";"0,375"
"2021";"MT7023";"Stokastiska processer III";"7,5";"HP";"Avancerad nivå";"0";"0,125";"0,125"
"2018";"MT7024";"Beräkningsintensiva statistiska metoder";"7,5";"HP";"Avancerad nivå";"1,75";"2,25";"4,0"
"2020";"MT7024";"Beräkningsintensiva statistiska metoder";"7,5";"HP";"Avancerad nivå";"1,5";"1,375";"2,875"
"2017";"MT7027";"Riskmodeller och reservsättning inom sakförsäkring";"7,5";"HP";"Avancerad nivå";"1,23333";"1,725";"2,95833"
"2018";"MT7027";"Riskmodeller och reservsättning inom sakförsäkring";"7,5";"HP";"Avancerad nivå";"1,05833";"1,125";"2,18333"
"2019";"MT7027";"Riskmodeller och reservsättning inom sakförsäkring";"7,5";"HP";"Avancerad nivå";"0,93333";"1,14167";"2,075"
"2020";"MT7027";"Riskmodeller och reservsättning inom sakförsäkring";"7,5";"HP";"Avancerad nivå";"0,44167";"2,5";"2,94167"
"2021";"MT7027";"Riskmodeller och reservsättning inom sakförsäkring";"7,5";"HP";"Avancerad nivå";"0,36667";"1,73333";"2,1"
"2017";"MT7028";"Prissättning inom sakförsäkring";"7,5";"HP";"Avancerad nivå";"1,68333";"3,34167";"5,025"
"2018";"MT7028";"Prissättning inom sakförsäkring";"7,5";"HP";"Avancerad nivå";"0,86667";"0,93333";"1,8"
"2019";"MT7028";"Prissättning inom sakförsäkring";"7,5";"HP";"Avancerad nivå";"1,51667";"1,125";"2,64167"
"2020";"MT7028";"Prissättning inom sakförsäkring";"7,5";"HP";"Avancerad nivå";"0";"0,11667";"0,11667"
"2021";"MT7028";"Prissättning inom sakförsäkring";"7,5";"HP";"Avancerad nivå";"0,81667";"4,05";"4,86667"
"2019";"MT7031";"Valda ämnen i sannolikhetsteori och stokastiska processer";"7,5";"HP";"Avancerad nivå";"0";"0,125";"0,125"
"2020";"MT7031";"Valda ämnen i sannolikhetsteori och stokastiska processer";"7,5";"HP";"Avancerad nivå";"0,5";"1,375";"1,875"
"2021";"MT7031";"Valda ämnen i sannolikhetsteori och stokastiska processer";"7,5";"HP";"Avancerad nivå";"0,125";"0";"0,125"
"2017";"MT7033";"Finansiell ekonometri";"7,5";"HP";"Avancerad nivå";"0,725";"1,75";"2,475"
"2018";"MT7033";"Finansiell ekonometri";"7,5";"HP";"Avancerad nivå";"0";"0,025";"0,025"
"2021";"MT7033";"Finansiell ekonometri";"7,5";"HP";"Avancerad nivå";"0";"0,025";"0,025"
"2017";"MT7035";"Försäkringsredovisning";"7,5";"HP";"Avancerad nivå";"1,5";"1,625";"3,125"
"2018";"MT7035";"Försäkringsredovisning";"7,5";"HP";"Avancerad nivå";"1,25";"1,625";"2,875"
"2019";"MT7035";"Försäkringsredovisning";"7,5";"HP";"Avancerad nivå";"0,875";"1,25";"2,125"
"2020";"MT7035";"Försäkringsredovisning";"7,5";"HP";"Avancerad nivå";"0,5";"1,875";"2,375"
"2021";"MT7035";"Försäkringsredovisning";"7,5";"HP";"Avancerad nivå";"0,625";"1,5";"2,125"
"2018";"MT7037";"Statistisk informationsteori";"7,5";"HP";"Avancerad nivå";"0,125";"0,5";"0,625"
"2019";"MT7037";"Statistisk informationsteori";"7,5";"HP";"Avancerad nivå";"0,75";"1,125";"1,875"
"2020";"MT7037";"Statistisk informationsteori";"7,5";"HP";"Avancerad nivå";"0,75";"1,125";"1,875"
"2021";"MT7037";"Statistisk informationsteori";"7,5";"HP";"Avancerad nivå";"0,625";"1,125";"1,75"
"2019";"MT7038";"Statistisk inlärning";"7,5";"HP";"Avancerad nivå";"0,375";"0,5";"0,875"
"2020";"MT7038";"Statistisk inlärning";"7,5";"HP";"Avancerad nivå";"0,875";"1,30833";"2,18333"
"2021";"MT7038";"Statistisk inlärning";"7,5";"HP";"Avancerad nivå";"0,375";"1,875";"2,25"
"2021";"MT7039";"Statistisk oövervakad inlärning";"7,5";"HP";"Avancerad nivå";"0,25";"0,75";"1,0"
"2021";"MT7041";"Markovkedjor och blandningstider";"7,5";"HP";"Avancerad nivå";"0,25";"0,375";"0,625"
"2017";"MT8001";"Statistisk konsultmetodik";"7,5";"HP";"Avancerad nivå";"0,125";"0,5";"0,625"
"2018";"MT8001";"Statistisk konsultmetodik";"7,5";"HP";"Avancerad nivå";"0,125";"0,25";"0,375"
"2019";"MT8001";"Statistisk konsultmetodik";"7,5";"HP";"Avancerad nivå";"0,375";"0,25";"0,625"
"2020";"MT8001";"Statistisk konsultmetodik";"7,5";"HP";"Avancerad nivå";"0,625";"0,125";"0,75"
"2021";"MT8001";"Statistisk konsultmetodik";"7,5";"HP";"Avancerad nivå";"0,125";"0";"0,125"
"2017";"MT8003";"Livförsäkringsmatematik II";"7,5";"HP";"Avancerad nivå";"1,05";"1,5";"2,55"
"2018";"MT8003";"Livförsäkringsmatematik II";"7,5";"HP";"Avancerad nivå";"1,45";"1,875";"3,325"
"2019";"MT8003";"Livförsäkringsmatematik II";"7,5";"HP";"Avancerad nivå";"0,45";"1,05";"1,5"
"2020";"MT8003";"Livförsäkringsmatematik II";"7,5";"HP";"Avancerad nivå";"0,925";"1,075";"2,0"
"2021";"MT8003";"Livförsäkringsmatematik II";"7,5";"HP";"Avancerad nivå";"0";"0,05";"0,05"
"2017";"MT9001";"Matematisk statistik, självständigt arbete";"30,0";"HP";"Avancerad nivå";"0,5";"2,0";"2,5"
"2018";"MT9001";"Matematisk statistik, självständigt arbete";"30,0";"HP";"Avancerad nivå";"0";"1,0";"1,0"
"2019";"MT9001";"Matematisk statistik, självständigt arbete";"30,0";"HP";"Avancerad nivå";"0,5";"0";"0,5"
"2020";"MT9001";"Matematisk statistik, självständigt arbete";"30,0";"HP";"Avancerad nivå";"0,5";"1,0";"1,5"
"2017";"MT9007";"Försäkringsmatematik, självständigt arbete";"30,0";"HP";"Avancerad nivå";"2,0";"2,0";"4,0"
"2018";"MT9007";"Försäkringsmatematik, självständigt arbete";"30,0";"HP";"Avancerad nivå";"0,5";"0";"0,5"
"2019";"MT9007";"Försäkringsmatematik, självständigt arbete";"30,0";"HP";"Avancerad nivå";"2,0";"0";"2,0"
"2019";"MT9012";"Försäkringsmatematik, självständigt arbete";"30,0";"HP";"Avancerad nivå";"1,0";"2,0";"3,0"
"2020";"MT9012";"Försäkringsmatematik, självständigt arbete";"30,0";"HP";"Avancerad nivå";"1,0";"1,0";"2,0"
"2021";"MT9012";"Försäkringsmatematik, självständigt arbete";"30,0";"HP";"Avancerad nivå";"0,5";"2,5";"3,0"
"2020";"MT9013";"Matematisk statistik, självständigt arbete";"30,0";"HP";"Avancerad nivå";"1,5";"1,0";"2,5"
"2021";"MT9013";"Matematisk statistik, självständigt arbete";"30,0";"HP";"Avancerad nivå";"2,5";"4,0";"6,5"
